phase_id,phase_name,step_id,step_name,description,key_finding,deliverables,status,phd_chapter,timeline,governance_principle
1,Foundations,1.1,The I AM,"Analysis of I AM as pre-reality singularity — comparison with 8 traditions: Kabbalah Ein Sof; Advaita Brahman; Neoplatonism The One; Tillich Ground of Being; physics singularity; Whitehead Creativity; Hegel Absolute Idea; Spinoza Substance","The I AM inverts the ToE direction — starts from unity and explains diversity (not diversity to unity)","01-THE-I-AM.md + summary (176 lines)",Complete,Ch.2,2026-03-11,Truth
1,Foundations,1.2,Seven Absolutes,"Mapped all 7 Absolutes with nature/domain/gravity circuit/function — 3 personal Deities + 1 non-personal center + 3 potentiality Absolutes — 4 gravity circuits identified","Infinite Spirit simultaneously sources mind AND manipulates matter — resolves the interaction problem (CORE THESIS)","02-SEVEN-ABSOLUTES.md + summary (331 lines)",Complete,"Ch.2 Ch.4",2026-03-11,Truth
1,Foundations,1.3,Triunities,"Mapped all 7 named triunities with members/functions/domains — formulated 7 Laws of the ToE — 8 unnamed combinations identified for future research","Triunity 6: mind is inherently meaning-seeking (not value-neutral) — challenges all physicalist models of consciousness","03-TRIUNITIES.md + summary (240 lines)",Complete,Ch.2,2026-03-11,Beauty
1,Foundations,1.4,Triunity Domain Mapping,"Tested whether every domain of reality falls under at least one triunity — unification matrix and cross-domain bridge analysis — first equation formalized","11 of 12 aspects covered; 1 gap (evil/error); first equation R=E·P·Ψ (Reality = Energy × Pattern × Personality)","04-TRIUNITY-DOMAINS.md + summary (205 lines)",Complete,Ch.2,2026-03-11,Beauty
2,Three Domains,2.1,Three Irreducible Domains,"Core PhD argument — mapped failures of physicalism/dualism/panpsychism — Infinite Spirit as mediator introduced — mind gravity concept first appearance","Three domains necessary because 1-domain and 2-domain theories fail for identifiable reasons; mind gravity explains intentionality as ontological orientation",05-THREE-DOMAINS.md,Complete,"Ch.3 Ch.4",2026-03-11,Truth
2,Three Domains,2.2,Actual vs Potential,"Mapped actual/potential split as engine of cosmic evolution — compared with Aristotle/QM/Whitehead/Hegel/Bergson — mind participation in actualization","Potential is infinite; actualization is eternal — mind participates in actualization (consciousness is generative not merely observational)",06-ACTUAL-VS-POTENTIAL.md,Complete,Ch.2,2026-03-11,Truth
2,Three Domains,2.3,Four Levels of Reality,"Defined finite/absonite/absolute/infinite levels — nested hierarchy — mapped to four gravity circuits — any finite ToE proven inherently incomplete","Any finite-level ToE is inherently incomplete — absonite proves mind can function without material mechanism (CHALLENGES PHYSICALISM)",07-FOUR-LEVELS.md,Complete,Ch.2,2026-03-11,Truth
2,Three Domains,2.4,First Equation,"Formalized R=E·P·Ψ — tested against 5 cases (human being; rock; idea; moral value; universe) — all pass — 10 evaluation criteria for Chapter 6 derived","All three energy forms equally real — personality cannot emerge from complexity (CHALLENGES EMERGENTISM)",08-FIRST-EQUATION.md,Complete,Ch.2,2026-03-11,Beauty
3,Core Concepts,3.1,Personality,"Personality as both distinct from and unifier of three domains — 6 properties each challenge physicalism — 5 concepts distinguished (personality vs identity vs selfhood vs character vs soul)","Hard problem resolved by personality as bestowed capacity — personalist answer distinct from all existing positions — binding problem solved",09-PERSONALITY.md,Complete,Ch.4,2026-03-11,Goodness
3,Core Concepts,3.2,Energy Transmutations,"Energy hierarchy: space potency → primordial force → emergent energy → universe power → physical matter — three forms (physical/mental/spiritual) equally real","Mental causation grounded in mind energy — a real ontological force (not epiphenomenal)",10-ENERGY-TRANSMUTATIONS.md,Complete,"Ch.2 Ch.4",2026-03-11,Truth
3,Core Concepts,3.3,Pattern,"Pattern as independent non-energy ontological category (information in modern physics) — connected to IIT phi — Foreword anticipated it-from-bit","Pattern equals information — IIT phi measures mind pattern but misses mind energy and personality — IIT incomplete for consciousness",11-PATTERN.md,Complete,Ch.2,2026-03-11,Beauty
3,Core Concepts,3.4,Energy-Pattern-Personality Triad,"Triad tested across all 12 Foreword sections — holds in 11/12 — integrated synthesis of first three phases — universal template derived","Triad provides universal template for analyzing any domain of reality — one gap (evil/error domain) honestly acknowledged",12-ENERGY-PATTERN-PERSONALITY.md,Complete,Ch.2,2026-03-11,Beauty
4,Philosophy Comparisons,4.1,Physicalism Critique,"Systematic critique of physicalism/eliminativism/functionalism using triune framework — Dennett/Churchland/Chalmers as primary interlocutors","Physicalism cannot explain qualia — explanatory gap persists — mind energy provides the missing mechanism that physicalism cannot supply",Ch.3 draft Physicalism section,Pending,"Ch.3 Ch.6",2026-06,Truth
4,Philosophy Comparisons,4.2,Dualism Critique,"Cartesian dualism interaction problem analysis — Kim causal exclusion argument — property dualism evaluation — substance dualism critique","Interaction problem solved by Infinite Spirit as third domain that inherently spans material and spiritual — more parsimonious than two-substance theories",Ch.3 draft Dualism section,Pending,"Ch.3 Ch.6",2026-06,Truth
4,Philosophy Comparisons,4.3,Panpsychism Critique,"Combination problem analysis — Goff/Strawson/Chalmers panpsychism — Russellian monism evaluation — micropsychism vs cosmopsychism","Panpsychism has the combination problem — personality as meta-domain bestowed top-down provides the binding mechanism panpsychism lacks",Ch.3 draft Panpsychism section,Pending,"Ch.3 Ch.6",2026-07,Truth
4,Philosophy Comparisons,4.4,IIT Comparison,"Integrated Information Theory (Tononi/Koch) vs triune monism — phi as pattern-only measure — Global Workspace Theory — Higher-Order Theories","IIT measures mind pattern (phi) but misses mind energy and personality — triune monism is more complete on 3 of 10 evaluation criteria",Ch.6 comparison matrix,Pending,"Ch.3 Ch.6",2026-07,Truth
5,Synthesis,5.1,Triune Monism Position,"Formal statement of triune monism as distinct philosophical position — distinguished from physicalism/dualism/idealism/panpsychism — original contribution defined","Triune monism resolves hard problem more coherently than existing positions on all 10 evaluation criteria",Draft Ch.4 Triune Monism,Pending,Ch.4,2026-08,Goodness
5,Synthesis,5.2,Mind Gravity Theory,"Full theoretical development of mind gravity as philosophical category — implications for intentionality/meaning/teleology — comparison with Brentano/Husserl intentionality","Mind gravity provides ontological basis for intentionality that mechanistic accounts cannot — teleology is not vitalism but structural orientation",Draft Ch.5 Mind Gravity,Pending,Ch.5,2026-09,Goodness
5,Synthesis,5.3,Mediator Hypothesis Development,"Complete development of Infinite Spirit as mediator hypothesis — logical structure of the resolution — response to causal exclusion objection","Third domain spanning material and spiritual is logically coherent and more parsimonious than dualist alternatives — causal exclusion objection answered",Draft Ch.4 Mediator section,Pending,Ch.4,2026-09,Truth
5,Synthesis,5.4,Comparative Evaluation,"Systematic 10-criteria comparison of triune monism vs physicalism/dualism/panpsychism/IIT — Chapter 6 complete draft — scores and analysis","Triune monism outperforms on 7-8 of 10 criteria — weakest on empirical testability (honestly acknowledged as a limitation)",Draft Ch.6 complete,Pending,Ch.6,2026-10,Truth
6,Dissertation,6.1,Pre-Enrollment Paper,"Journal of Consciousness Studies submission: Triune Monism and the Hard Problem — first peer-reviewed presentation","First peer-reviewed presentation of triune monism — establishes academic credibility before PhD enrollment",JCS submission,Pending,Pre-PhD,2026-08,Goodness
6,Dissertation,6.2,PhD Applications,"Contact supervisors: Chalmers (NYU); Stoljar (ANU); VU Amsterdam Philosophy of Religion; Boston U personalism program — submit applications","Admission to PhD program with supervisor willing to engage with novel philosophical framework",PhD acceptance letter,Pending,Admin,2026-12,Goodness
6,Dissertation,6.3,Dissertation Draft,"Full 85000-word thesis: Introduction (8k) + Ch.2 Foreword Framework (15k) + Ch.3 Hard Problem Survey (12k) + Ch.4 Triune Monism (15k) + Ch.5 Mind Gravity (12k) + Ch.6 Comparative Eval (10k) + Ch.7 Objections (8k) + Ch.8 Conclusion (5k)","Complete philosophical defense of triune monism as resolution to the hard problem of consciousness",Full thesis draft 85000 words,Pending,All,2028-Q2,Beauty
6,Dissertation,6.4,Viva Voce,"Oral examination and defense — respond to external examiner critique — original contribution formally recognized by examining committee","PhD awarded — triune monism formally recognized as original contribution to knowledge",PhD awarded,Pending,All,2029-Q4,Truth
